benchmark_id,source_groups,taxon_candidate,origin_label,role_id,landmark_name,prompt,target_x,target_y,prediction_x,prediction_y,output_available,error_px,nme_role1_role6,pck_0_02,pck_0_05,pck_0_10,runtime_seconds,raw_response,source_display,selection_rule
flm_3e0cf2609cc04388,团头鲂,Megalobrama amblycephala,farmed,1,snout_tip,Point to: the frontmost visible tip of the fish snout or closed mouth on the single fish.,314.0,747.0,329.40000000000003,747.2,True,15.4012986465428,0.0270187827031155,0.0,1.0,1.0,0.293537151068449,<ref>the frontmost visible tip of the fish snout or closed mouth on the single fish</ref><box><549><934></box><|im_end|>,F M. amblycephala,prespecified six-taxon display spanning the observed zero-shot error range
flm_3e0cf2609cc04388,团头鲂,Megalobrama amblycephala,farmed,2,nape_dorsal_outline,"Point to: the point on the dorsal body outline at the fish nape, immediately behind the head on the single fish.",270.0,675.0,343.79999999999995,175.2,True,505.2192395386383,0.8863154441584667,0.0,0.0,0.0,0.42956463387236,"<ref>the point on the dorsal body outline at the fish nape, immediately behind the head on the single fish</ref><box><573><219></box><box><577><218><1000><725></box><box><580><220></box><|im_end|>",F M. amblycephala,prespecified six-taxon display spanning the observed zero-shot error range
flm_3e0cf2609cc04388,团头鲂,Megalobrama amblycephala,farmed,3,dorsal_fin_origin,Point to: the anterior attachment point where the dorsal fin begins on the fish body on the single fish.,178.0,480.0,331.8,175.2,True,341.4051552041944,0.598933370093191,0.0,0.0,0.0,0.2956165336072445,<ref>the anterior attachment point where the dorsal fin begins on the fish body on the single fish</ref><box><553><219></box><|im_end|>,F M. amblycephala,prespecified six-taxon display spanning the observed zero-shot error range
flm_3e0cf2609cc04388,团头鲂,Megalobrama amblycephala,farmed,4,dorsal_fin_insertion,Point to: the posterior attachment point where the dorsal fin ends on the fish body on the single fish.,214.0,400.0,331.8,175.2,True,253.79495660867653,0.445237180391652,0.0,0.0,0.0,0.300081720110029,<ref>the posterior attachment point where the dorsal fin ends on the fish body on the single fish</ref><box><553><219></box><|im_end|>,F M. amblycephala,prespecified six-taxon display spanning the observed zero-shot error range
flm_3e0cf2609cc04388,团头鲂,Megalobrama amblycephala,farmed,5,upper_caudal_fin_insertion,Point to: the upper attachment point where the caudal fin meets the caudal peduncle on the single fish.,271.0,196.0,330.6,172.0,True,64.25075875038367,0.1127162928936906,0.0,0.0,0.0,0.2975639719516039,<ref>the upper attachment point where the caudal fin meets the caudal peduncle on the single fish</ref><box><551><215></box><|im_end|>,F M. amblycephala,prespecified six-taxon display spanning the observed zero-shot error range
flm_3e0cf2609cc04388,团头鲂,Megalobrama amblycephala,farmed,6,posterior_caudal_peduncle_midpoint,"Point to: the midpoint at the posterior end of the caudal peduncle, immediately before the caudal fin on the single fish.",309.0,177.0,307.8,172.0,True,5.141984052872973,0.0090206776049139,1.0,1.0,1.0,0.3324392372742295,"<ref>the midpoint at the posterior end of the caudal peduncle, immediately before the caudal fin on the single fish</ref><box><513><215></box><|im_end|>",F M. amblycephala,prespecified six-taxon display spanning the observed zero-shot error range
flm_3e0cf2609cc04388,团头鲂,Megalobrama amblycephala,farmed,7,lower_caudal_fin_insertion,Point to: the lower attachment point where the caudal fin meets the caudal peduncle on the single fish.,348.0,199.0,306.0,174.4,True,48.674017709656965,0.0853897283577467,0.0,0.0,1.0,0.293788525275886,<ref>the lower attachment point where the caudal fin meets the caudal peduncle on the single fish</ref><box><510><218></box><|im_end|>,F M. amblycephala,prespecified six-taxon display spanning the observed zero-shot error range
flm_3e0cf2609cc04388,团头鲂,Megalobrama amblycephala,farmed,8,anal_fin_origin,Point to: the anterior attachment point where the anal fin begins on the fish body on the single fish.,424.0,383.0,190.8,511.2,True,266.1155388172588,0.4668514053417202,0.0,0.0,0.0,0.9543704688549042,<ref>the anterior attachment point where the anal fin begins on the fish body on the single fish</ref><box><318><639></box><box><320><638><1000><1000></box><box><323><636><1000><1000></box><box><327><635><1000><1000></box><box><333><634><1000><1000></box><box><338><633><1000><1000></box><box><343><632><1000><1000></box><box><348><631><1000><1000></box><box><353><630><1000><1000></box><box><357><629><1000><1000></box><box><360><628><1000><1000></box><box><363><627><1000><1000></box><box><366><626><1000><1000></box><box><370><625><1000><1000></box><box><373><624><1000><1000></box><box><377><623><1000><1000></box><box><382><622><1000><1000></box><box><385><621><1000><1000></box><box><389><620><1000><1000></box>,F M. amblycephala,prespecified six-taxon display spanning the observed zero-shot error range
flm_3e0cf2609cc04388,团头鲂,Megalobrama amblycephala,farmed,9,pelvic_fin_origin,Point to: the anterior attachment point where the pelvic fin begins on the fish body on the single fish.,434.0,516.0,388.2,511.2,True,46.05084146896777,0.0807878418242973,0.0,0.0,1.0,1.0183248431421816,<ref>the anterior attachment point where the pelvic fin begins on the fish body on the single fish</ref><box><647><639></box><box><647><638><1000><646></box><box><650><640><1000><1000></box><box><653><641><1000><1000></box><box><655><642><1000><1000></box><box><658><644><1000><1000></box><box><660><645><1000><1000></box><box><662><648><1000><1000></box><box><664><649><1000><1000></box><box><665><651><1000><1000></box><box><667><652><1000><1000></box><box><668><654><1000><1000></box><box><670><656><1000><1000></box><box><672><657><1000><1000></box><box><674><659><1000><1000></box><box><676><661><1000><1000></box><box><678><663><1000><1000></box><box><680><666><1000><1000></box><box><682><669><1000><1000></box>,F M. amblycephala,prespecified six-taxon display spanning the observed zero-shot error range
flm_3e0cf2609cc04388,团头鲂,Megalobrama amblycephala,farmed,10,pectoral_fin_base,"Point to: the base where the pectoral fin attaches to the fish body, just behind the gill cover on the single fish.",370.0,679.0,384.0,648.8000000000001,True,33.28723479053188,0.0583964108633695,0.0,0.0,1.0,0.905679274816066,"<ref>the base where the pectoral fin attaches to the fish body, just behind the gill cover on the single fish</ref><box><640><811></box><box><642><812><1000><810></box><box><648><809><1000><815></box><box><652><814><1000><816></box><box><656><818><1000><820></box><box><659><821><1000><823></box><box><662><824><1000><826></box><box><665><828><1000><829></box><box><668><831><1000><833></box><box><670><834><1000><836></box><box><673><837><1000><840></box><box><676><841><1000><843></box><box><679><845><1000><847></box><box><682><848><1000><852></box><box><685><853><1000><857></box><box><689><858><1000><862></box><box><692><863><1000><868></box><box><696><869><1000><874></box>",F M. amblycephala,prespecified six-taxon display spanning the observed zero-shot error range
flm_3e0cf2609cc04388,团头鲂,Megalobrama amblycephala,farmed,11,posterior_opercular_margin,Point to: the posterior visible margin of the fish operculum or gill cover on the single fish.,330.0,645.0,383.4,648.8000000000001,True,53.535035257296734,0.0939175012326135,0.0,0.0,1.0,0.960289744194597,<ref>the posterior visible margin of the fish operculum or gill cover on the single fish</ref><box><639><811></box><box><643><809><1000><729></box><box><649><810><1000><1000></box><box><653><812><1000><1000></box><box><656><814><1000><1000></box><box><658><815><1000><1000></box><box><660><816><1000><1000></box><box><661><818><1000><1000></box><box><662><819><1000><1000></box><box><663><820><1000><1000></box><box><664><821><1000><1000></box><box><665><823><1000><1000></box><box><666><824><1000><1000></box><box><667><825><1000><1000></box><box><668><826><1000><1000></box><box><669><827><1000><1000></box><box><670><828><1000><1000></box><box><672><829><1000><1000></box><box><673><830><1000><1000></box>,F M. amblycephala,prespecified six-taxon display spanning the observed zero-shot error range
flm_08e88d7fcddf132c,草鱼,Ctenopharyngodon idella,farmed,1,snout_tip,Point to: the frontmost visible tip of the fish snout or closed mouth on the single fish.,222.0,12.0,211.95,12.8,True,10.081790515578083,0.0150801874826318,1.0,1.0,1.0,0.2721683289855718,<ref>the frontmost visible tip of the fish snout or closed mouth on the single fish</ref><box><471><16></box><|im_end|>,F C. idella,prespecified six-taxon display spanning the observed zero-shot error range
flm_08e88d7fcddf132c,草鱼,Ctenopharyngodon idella,farmed,2,nape_dorsal_outline,"Point to: the point on the dorsal body outline at the fish nape, immediately behind the head on the single fish.",269.0,111.0,144.45000000000002,125.6,True,125.40280100540018,0.1875755846232407,0.0,0.0,0.0,0.2726264321245253,"<ref>the point on the dorsal body outline at the fish nape, immediately behind the head on the single fish</ref><box><321><157></box><|im_end|>",F C. idella,prespecified six-taxon display spanning the observed zero-shot error range
flm_08e88d7fcddf132c,草鱼,Ctenopharyngodon idella,farmed,3,dorsal_fin_origin,Point to: the anterior attachment point where the dorsal fin begins on the fish body on the single fish.,290.0,344.0,156.6,124.8,True,256.6012470741325,0.3838202061603898,0.0,0.0,0.0,0.2731808768585324,<ref>the anterior attachment point where the dorsal fin begins on the fish body on the single fish</ref><box><348><156></box><|im_end|>,F C. idella,prespecified six-taxon display spanning the observed zero-shot error range
flm_08e88d7fcddf132c,草鱼,Ctenopharyngodon idella,farmed,4,dorsal_fin_insertion,Point to: the posterior attachment point where the dorsal fin ends on the fish body on the single fish.,272.0,459.0,175.5,124.8,True,347.8532592919032,0.5203135651808024,0.0,0.0,0.0,0.2719782101921737,<ref>the posterior attachment point where the dorsal fin ends on the fish body on the single fish</ref><box><390><156></box><|im_end|>,F C. idella,prespecified six-taxon display spanning the observed zero-shot error range
flm_08e88d7fcddf132c,草鱼,Ctenopharyngodon idella,farmed,5,upper_caudal_fin_insertion,Point to: the upper attachment point where the caudal fin meets the caudal peduncle on the single fish.,244.0,669.0,209.25,648.8000000000001,True,40.19455808937321,0.0601224029434742,0.0,0.0,1.0,0.3089473838917911,<ref>the upper attachment point where the caudal fin meets the caudal peduncle on the single fish</ref><box><465><811></box><box><466><812><1000><810></box><|im_end|>,F C. idella,prespecified six-taxon display spanning the observed zero-shot error range
flm_08e88d7fcddf132c,草鱼,Ctenopharyngodon idella,farmed,6,posterior_caudal_peduncle_midpoint,"Point to: the midpoint at the posterior end of the caudal peduncle, immediately before the caudal fin on the single fish.",195.0,680.0,232.2,679.1999999999999,True,37.20860115618432,0.0556560544017171,0.0,0.0,1.0,0.3075105040334165,"<ref>the midpoint at the posterior end of the caudal peduncle, immediately before the caudal fin on the single fish</ref><box><516><849></box><|im_end|>",F C. idella,prespecified six-taxon display spanning the observed zero-shot error range
flm_08e88d7fcddf132c,草鱼,Ctenopharyngodon idella,farmed,7,lower_caudal_fin_insertion,Point to: the lower attachment point where the caudal fin meets the caudal peduncle on the single fish.,153.0,656.0,,,False,,,0.0,0.0,0.0,0.2737014656886458,<ref>the lower attachment point where the caudal fin meets the caudal peduncle on the single fish</ref><box>None</box><|im_end|>,F C. idella,prespecified six-taxon display spanning the observed zero-shot error range
flm_08e88d7fcddf132c,草鱼,Ctenopharyngodon idella,farmed,8,anal_fin_origin,Point to: the anterior attachment point where the anal fin begins on the fish body on the single fish.,135.0,517.0,169.65,679.1999999999999,True,165.8597675749004,0.2480904941429261,0.0,0.0,0.0,0.3096567429602146,<ref>the anterior attachment point where the anal fin begins on the fish body on the single fish</ref><box><377><849></box><box><377><850><1000><904></box><|im_end|>,F C. idella,prespecified six-taxon display spanning the observed zero-shot error range
flm_08e88d7fcddf132c,草鱼,Ctenopharyngodon idella,farmed,9,pelvic_fin_origin,Point to: the anterior attachment point where the pelvic fin begins on the fish body on the single fish.,128.0,338.0,126.9,576.8,True,238.80253348739828,0.3571971636142387,0.0,0.0,0.0,0.3104983442462981,<ref>the anterior attachment point where the pelvic fin begins on the fish body on the single fish</ref><box><282><721></box><box><284><719><1000><717></box><|im_end|>,F C. idella,prespecified six-taxon display spanning the observed zero-shot error range
flm_08e88d7fcddf132c,草鱼,Ctenopharyngodon idella,farmed,10,pectoral_fin_base,"Point to: the base where the pectoral fin attaches to the fish body, just behind the gill cover on the single fish.",163.0,94.0,156.6,124.8,True,31.45790838565081,0.047054256437292,0.0,1.0,1.0,0.3124434519559145,"<ref>the base where the pectoral fin attaches to the fish body, just behind the gill cover on the single fish</ref><box><348><156></box><|im_end|>",F C. idella,prespecified six-taxon display spanning the observed zero-shot error range
flm_08e88d7fcddf132c,草鱼,Ctenopharyngodon idella,farmed,11,posterior_opercular_margin,Point to: the posterior visible margin of the fish operculum or gill cover on the single fish.,206.0,123.0,169.65,124.8,True,36.39453942557866,0.0544383933621428,0.0,0.0,1.0,0.3083869121037423,<ref>the posterior visible margin of the fish operculum or gill cover on the single fish</ref><box><377><156></box><box><395><155><1000><997></box><|im_end|>,F C. idella,prespecified six-taxon display spanning the observed zero-shot error range
flm_009d9c9b591675ff,野生刀鲚,Coilia nasus,wild,1,snout_tip,Point to: the frontmost visible tip of the fish snout or closed mouth on the single fish.,246.0,57.0,248.4,59.2,True,3.2557641192199216,0.0051433615616319,1.0,1.0,1.0,0.2929560029879212,<ref>the frontmost visible tip of the fish snout or closed mouth on the single fish</ref><box><414><74></box><|im_end|>,W C. nasus,prespecified six-taxon display spanning the observed zero-shot error range
flm_009d9c9b591675ff,野生刀鲚,Coilia nasus,wild,2,nape_dorsal_outline,"Point to: the point on the dorsal body outline at the fish nape, immediately behind the head on the single fish.",268.0,101.0,202.2,155.20000000000002,True,85.24834309240268,0.1346728555873805,0.0,0.0,0.0,0.2946688998490572,"<ref>the point on the dorsal body outline at the fish nape, immediately behind the head on the single fish</ref><box><337><194></box><|im_end|>",W C. nasus,prespecified six-taxon display spanning the observed zero-shot error range
flm_009d9c9b591675ff,野生刀鲚,Coilia nasus,wild,3,dorsal_fin_origin,Point to: the anterior attachment point where the dorsal fin begins on the fish body on the single fish.,296.0,232.0,196.8,159.20000000000002,True,123.04665781726862,0.1943855349865639,0.0,0.0,0.0,0.2941498369909823,<ref>the anterior attachment point where the dorsal fin begins on the fish body on the single fish</ref><box><328><199></box><|im_end|>,W C. nasus,prespecified six-taxon display spanning the observed zero-shot error range
flm_009d9c9b591675ff,野生刀鲚,Coilia nasus,wild,4,dorsal_fin_insertion,Point to: the posterior attachment point where the dorsal fin ends on the fish body on the single fish.,295.0,286.0,193.8,159.20000000000002,True,162.23341209504284,0.2562916308513077,0.0,0.0,0.0,0.3278896017000079,<ref>the posterior attachment point where the dorsal fin ends on the fish body on the single fish</ref><box><323><199></box><box><327><200><1000><490></box><|im_end|>,W C. nasus,prespecified six-taxon display spanning the observed zero-shot error range
flm_009d9c9b591675ff,野生刀鲚,Coilia nasus,wild,5,upper_caudal_fin_insertion,Point to: the upper attachment point where the caudal fin meets the caudal peduncle on the single fish.,255.0,692.0,247.8,688.8,True,7.879086241436918,0.0124471515229733,1.0,1.0,1.0,0.328315254766494,<ref>the upper attachment point where the caudal fin meets the caudal peduncle on the single fish</ref><box><413><861></box><box><417><862><1000><913></box><|im_end|>,W C. nasus,prespecified six-taxon display spanning the observed zero-shot error range
flm_009d9c9b591675ff,野生刀鲚,Coilia nasus,wild,6,posterior_caudal_peduncle_midpoint,"Point to: the midpoint at the posterior end of the caudal peduncle, immediately before the caudal fin on the single fish.",244.0,690.0,247.8,703.2,True,13.736083866954258,0.0216998662008639,0.0,1.0,1.0,0.3285751300863921,"<ref>the midpoint at the posterior end of the caudal peduncle, immediately before the caudal fin on the single fish</ref><box><413><879></box><|im_end|>",W C. nasus,prespecified six-taxon display spanning the observed zero-shot error range
flm_009d9c9b591675ff,野生刀鲚,Coilia nasus,wild,7,lower_caudal_fin_insertion,Point to: the lower attachment point where the caudal fin meets the caudal peduncle on the single fish.,236.0,683.0,247.8,691.2,True,14.369411957348856,0.0227003795171719,0.0,1.0,1.0,0.294979078695178,<ref>the lower attachment point where the caudal fin meets the caudal peduncle on the single fish</ref><box><413><864></box><|im_end|>,W C. nasus,prespecified six-taxon display spanning the observed zero-shot error range
flm_009d9c9b591675ff,野生刀鲚,Coilia nasus,wild,8,anal_fin_origin,Point to: the anterior attachment point where the anal fin begins on the fish body on the single fish.,194.0,341.0,217.8,652.0,True,311.90934580419355,0.4927453221971893,0.0,0.0,0.0,0.9605899439193308,<ref>the anterior attachment point where the anal fin begins on the fish body on the single fish</ref><box><363><815></box><box><365><834><1000><808></box><box><370><801><1000><1000></box><box><372><775></box><box><373><754><1000><1000></box><box><375><721><1000><1000></box><box><377><689><1000><1000></box><box><380><654><1000><1000></box><box><382><625><1000><1000></box><box><385><591><1000><1000></box><box><387><553><1000><1000></box><box><390><510><1000><1000></box><box><392><461><1000><1000></box><box><395><419><1000><1000></box><box><398><384><1000><1000></box><box><402><348><1000><1000></box><box><407><311><1000><1000></box><box><412><281><1000><1000></box><box><418><241><1000><1000></box>,W C. nasus,prespecified six-taxon display spanning the observed zero-shot error range
flm_009d9c9b591675ff,野生刀鲚,Coilia nasus,wild,9,pelvic_fin_origin,Point to: the anterior attachment point where the pelvic fin begins on the fish body on the single fish.,184.0,220.0,294.0,252.8,True,114.78606187164016,0.181335685517402,0.0,0.0,0.0,0.8905024351552129,<ref>the anterior attachment point where the pelvic fin begins on the fish body on the single fish</ref><box><490><316></box><box><492><315><1000><315></box><box><493><314><1000><1000></box><box><495><318><1000><1000></box><box><497><321><1000><1000></box><box><498><325><1000><1000></box><box><500><328><1000><1000></box><box><502><332><1000><1000></box><box><504><335><1000><1000></box><box><505><338><1000><1000></box><box><506><342><1000><1000></box><box><508><345><1000><1000></box><box><509><348><1000><1000></box><box><510><351><1000><1000></box><box><511><353><1000><1000></box><box><512><355><1000><1000></box><box><513><358><1000><1000></box><box><514><360><1000><1000></box><box><515><364><1000><1000></box>,W C. nasus,prespecified six-taxon display spanning the observed zero-shot error range
flm_009d9c9b591675ff,野生刀鲚,Coilia nasus,wild,10,pectoral_fin_base,"Point to: the base where the pectoral fin attaches to the fish body, just behind the gill cover on the single fish.",198.0,139.0,195.6,232.0,True,93.03096258773202,0.1469676117476258,0.0,0.0,0.0,0.8898941213265061,"<ref>the base where the pectoral fin attaches to the fish body, just behind the gill cover on the single fish</ref><box><326><290></box><box><327><285><1000><315></box><box><330><310><1000><1000></box><box><333><316><1000><1000></box><box><337><328><1000><1000></box><box><340><342><1000><1000></box><box><343><355><1000><1000></box><box><345><371><1000><1000></box><box><347><385><1000><1000></box><box><348><402><1000><1000></box><box><349><418><1000><1000></box><box><350><435><1000><1000></box><box><351><452><1000><1000></box><box><352><469><1000><1000></box><box><353><486><1000><1000></box><box><354><504><1000><1000></box><box><355><522><1000><1000></box><box><356><539><1000><1000></box>",W C. nasus,prespecified six-taxon display spanning the observed zero-shot error range
flm_009d9c9b591675ff,野生刀鲚,Coilia nasus,wild,11,posterior_opercular_margin,Point to: the posterior visible margin of the fish operculum or gill cover on the single fish.,229.0,152.0,195.6,159.20000000000002,True,34.16723576761809,0.0539764063609406,0.0,0.0,1.0,0.2936214711517095,<ref>the posterior visible margin of the fish operculum or gill cover on the single fish</ref><box><326><199></box><|im_end|>,W C. nasus,prespecified six-taxon display spanning the observed zero-shot error range
flm_0210f67ad1497c7f,野生鲢鱼,Hypophthalmichthys molitrix,wild,1,snout_tip,Point to: the frontmost visible tip of the fish snout or closed mouth on the single fish.,215.0,206.0,215.2,205.2,True,0.8246211251235472,0.0023621907249691,1.0,1.0,1.0,0.3559270207770169,<ref>the frontmost visible tip of the fish snout or closed mouth on the single fish</ref><box><269><570></box><box><270><560></box><|im_end|>,W H. molitrix,prespecified six-taxon display spanning the observed zero-shot error range
flm_0210f67ad1497c7f,野生鲢鱼,Hypophthalmichthys molitrix,wild,2,nape_dorsal_outline,"Point to: the point on the dorsal body outline at the fish nape, immediately behind the head on the single fish.",276.0,176.0,294.4,162.36,True,22.904357663990467,0.0656112966147303,0.0,0.0,1.0,0.2899994221515953,"<ref>the point on the dorsal body outline at the fish nape, immediately behind the head on the single fish</ref><box><368><451></box><box><373><449><1000><450></box><|im_end|>",W H. molitrix,prespecified six-taxon display spanning the observed zero-shot error range
flm_0210f67ad1497c7f,野生鲢鱼,Hypophthalmichthys molitrix,wild,3,dorsal_fin_origin,Point to: the anterior attachment point where the dorsal fin begins on the fish body on the single fish.,380.0,160.0,439.2000000000001,158.4,True,59.221617674629634,0.1696448850588424,0.0,0.0,0.0,0.9857059470377862,<ref>the anterior attachment point where the dorsal fin begins on the fish body on the single fish</ref><box><549><440></box><box><550><435><1000><560></box><box><554><437><1000><565></box><box><559><443><1000><563></box><box><562><450><1000><562></box><box><566><459><1000><562></box><box><568><466><1000><562></box><box><570><475><1000><562></box><box><572><482><1000><562></box><box><573><488><1000><562></box><box><575><494><1000><562></box><box><578><500><1000><562></box><box><580><506><1000><562></box><box><583><512><1000><562></box><box><585><518><1000><562></box><box><588><523><1000><562></box><box><590><530><1000><562></box><box><592><535><1000><562></box><box><594><540><1000><562></box>,W H. molitrix,prespecified six-taxon display spanning the observed zero-shot error range
flm_0210f67ad1497c7f,野生鲢鱼,Hypophthalmichthys molitrix,wild,4,dorsal_fin_insertion,Point to: the posterior attachment point where the dorsal fin ends on the fish body on the single fish.,430.0,168.0,445.6,158.4,True,18.31720502696852,0.0524710445849663,0.0,0.0,1.0,0.2898601270280778,<ref>the posterior attachment point where the dorsal fin ends on the fish body on the single fish</ref><box><557><440></box><box><561><437><1000><725></box><|im_end|>,W H. molitrix,prespecified six-taxon display spanning the observed zero-shot error range
flm_0210f67ad1497c7f,野生鲢鱼,Hypophthalmichthys molitrix,wild,5,upper_caudal_fin_insertion,Point to: the upper attachment point where the caudal fin meets the caudal peduncle on the single fish.,555.0,192.0,566.4,185.4,True,13.172699040060069,0.0377342109572776,0.0,1.0,1.0,0.2565742041915655,<ref>the upper attachment point where the caudal fin meets the caudal peduncle on the single fish</ref><box><708><515></box><|im_end|>,W H. molitrix,prespecified six-taxon display spanning the observed zero-shot error range
flm_0210f67ad1497c7f,野生鲢鱼,Hypophthalmichthys molitrix,wild,6,posterior_caudal_peduncle_midpoint,"Point to: the midpoint at the posterior end of the caudal peduncle, immediately before the caudal fin on the single fish.",564.0,214.0,562.4,214.2,True,1.6124515496597311,0.0046189916544978,1.0,1.0,1.0,0.3290158412419259,"<ref>the midpoint at the posterior end of the caudal peduncle, immediately before the caudal fin on the single fish</ref><box><703><595></box><box><703><595><1000><725></box><|im_end|>",W H. molitrix,prespecified six-taxon display spanning the observed zero-shot error range
flm_0210f67ad1497c7f,野生鲢鱼,Hypophthalmichthys molitrix,wild,7,lower_caudal_fin_insertion,Point to: the lower attachment point where the caudal fin meets the caudal peduncle on the single fish.,560.0,237.0,566.4,219.6,True,18.53968716025165,0.0531083617912579,0.0,0.0,1.0,0.2578005008399486,<ref>the lower attachment point where the caudal fin meets the caudal peduncle on the single fish</ref><box><708><610></box><|im_end|>,W H. molitrix,prespecified six-taxon display spanning the observed zero-shot error range
flm_0210f67ad1497c7f,野生鲢鱼,Hypophthalmichthys molitrix,wild,8,anal_fin_origin,Point to: the anterior attachment point where the anal fin begins on the fish body on the single fish.,450.0,255.0,457.6,259.2,True,8.683317338436929,0.0248740313022494,0.0,1.0,1.0,0.8558216174133122,<ref>the anterior attachment point where the anal fin begins on the fish body on the single fish</ref><box><572><720></box><box><574><718><1000><725></box><box><580><717><1000><1000></box><box><585><716><1000><1000></box><box><592><715><1000><1000></box><box><598><714><1000><1000></box><box><603><713><1000><1000></box><box><608><712><1000><1000></box><box><612><711><1000><1000></box><box><616><710><1000><1000></box><box><619><708><1000><1000></box><box><622><707><1000><1000></box><box><625><706><1000><1000></box><box><628><705><1000><1000></box><box><632><704><1000><1000></box><box><636><702><1000><1000></box><box><640><700><1000><1000></box><box><644><699><1000><1000></box><box><648><697><1000><1000></box>,W H. molitrix,prespecified six-taxon display spanning the observed zero-shot error range
flm_0210f67ad1497c7f,野生鲢鱼,Hypophthalmichthys molitrix,wild,9,pelvic_fin_origin,Point to: the anterior attachment point where the pelvic fin begins on the fish body on the single fish.,359.0,265.0,457.6,253.08,True,99.31790573708244,0.2845037904168948,0.0,0.0,0.0,0.8556199357844889,<ref>the anterior attachment point where the pelvic fin begins on the fish body on the single fish</ref><box><572><703></box><box><574><721><1000><715></box><box><578><717><1000><1000></box><box><582><719><1000><1000></box><box><585><723><1000><1000></box><box><590><724><1000><1000></box><box><595><726><1000><1000></box><box><600><728><1000><1000></box><box><604><730><1000><1000></box><box><608><731><1000><1000></box><box><612><733><1000><1000></box><box><615><734><1000><1000></box><box><618><736><1000><1000></box><box><621><737><1000><1000></box><box><623><738><1000><1000></box><box><625><739><1000><1000></box><box><627><740><1000><1000></box><box><628><741><1000><1000></box><box><630><742><1000><1000></box>,W H. molitrix,prespecified six-taxon display spanning the observed zero-shot error range
flm_0210f67ad1497c7f,野生鲢鱼,Hypophthalmichthys molitrix,wild,10,pectoral_fin_base,"Point to: the base where the pectoral fin attaches to the fish body, just behind the gill cover on the single fish.",261.0,248.0,304.0,248.4,True,43.00186042486999,0.1231821411764412,0.0,0.0,0.0,0.3248738842085004,"<ref>the base where the pectoral fin attaches to the fish body, just behind the gill cover on the single fish</ref><box><380><690></box><box><390><675><1000><729></box><|im_end|>",W H. molitrix,prespecified six-taxon display spanning the observed zero-shot error range
flm_0210f67ad1497c7f,野生鲢鱼,Hypophthalmichthys molitrix,wild,11,posterior_opercular_margin,Point to: the posterior visible margin of the fish operculum or gill cover on the single fish.,290.0,214.0,286.4,244.8,True,31.009675909302903,0.0888296049974211,0.0,0.0,1.0,0.2574832597747445,<ref>the posterior visible margin of the fish operculum or gill cover on the single fish</ref><box><358><680></box><|im_end|>,W H. molitrix,prespecified six-taxon display spanning the observed zero-shot error range
flm_48e75883e252235a,鳙鱼,Hypophthalmichthys nobilis,farmed,1,snout_tip,Point to: the frontmost visible tip of the fish snout or closed mouth on the single fish.,13.0,242.0,16.8,239.85,True,4.366062299143235,0.0064574710274101,1.0,1.0,1.0,0.273704610299319,<ref>the frontmost visible tip of the fish snout or closed mouth on the single fish</ref><box><21><533></box><|im_end|>,F H. nobilis,prespecified six-taxon display spanning the observed zero-shot error range
flm_48e75883e252235a,鳙鱼,Hypophthalmichthys nobilis,farmed,2,nape_dorsal_outline,"Point to: the point on the dorsal body outline at the fish nape, immediately behind the head on the single fish.",171.0,153.0,220.8,135.0,True,52.95318687293524,0.0783185503578629,0.0,0.0,1.0,0.27379260212183,"<ref>the point on the dorsal body outline at the fish nape, immediately behind the head on the single fish</ref><box><276><300></box><|im_end|>",F H. nobilis,prespecified six-taxon display spanning the observed zero-shot error range
flm_48e75883e252235a,鳙鱼,Hypophthalmichthys nobilis,farmed,3,dorsal_fin_origin,Point to: the anterior attachment point where the dorsal fin begins on the fish body on the single fish.,391.0,131.0,526.4,128.25,True,135.4279236346773,0.200299911740805,0.0,0.0,0.0,0.3449116102419793,<ref>the anterior attachment point where the dorsal fin begins on the fish body on the single fish</ref><box><658><285></box><box><660><283><1000><315></box><box><665><225><1000><1000></box><|im_end|>,F H. nobilis,prespecified six-taxon display spanning the observed zero-shot error range
flm_48e75883e252235a,鳙鱼,Hypophthalmichthys nobilis,farmed,4,dorsal_fin_insertion,Point to: the posterior attachment point where the dorsal fin ends on the fish body on the single fish.,484.0,156.0,526.4,126.45000000000002,True,51.68135543888141,0.0764374927653581,0.0,0.0,1.0,0.2731496300548315,<ref>the posterior attachment point where the dorsal fin ends on the fish body on the single fish</ref><box><658><281></box><|im_end|>,F H. nobilis,prespecified six-taxon display spanning the observed zero-shot error range
flm_48e75883e252235a,鳙鱼,Hypophthalmichthys nobilis,farmed,5,upper_caudal_fin_insertion,Point to: the upper attachment point where the caudal fin meets the caudal peduncle on the single fish.,663.0,164.0,672.0,171.0,True,11.40175425099138,0.0168633639863259,1.0,1.0,1.0,0.2742877514101565,<ref>the upper attachment point where the caudal fin meets the caudal peduncle on the single fish</ref><box><840><380></box><|im_end|>,F H. nobilis,prespecified six-taxon display spanning the observed zero-shot error range
flm_48e75883e252235a,鳙鱼,Hypophthalmichthys nobilis,farmed,6,posterior_caudal_peduncle_midpoint,"Point to: the midpoint at the posterior end of the caudal peduncle, immediately before the caudal fin on the single fish.",688.0,203.0,671.1999999999999,171.0,True,36.141942393844886,0.0534544699301196,0.0,0.0,1.0,0.3094637426547706,"<ref>the midpoint at the posterior end of the caudal peduncle, immediately before the caudal fin on the single fish</ref><box><839><380></box><|im_end|>",F H. nobilis,prespecified six-taxon display spanning the observed zero-shot error range
flm_48e75883e252235a,鳙鱼,Hypophthalmichthys nobilis,farmed,7,lower_caudal_fin_insertion,Point to: the lower attachment point where the caudal fin meets the caudal peduncle on the single fish.,661.0,248.0,673.6,240.75,True,14.536935715617668,0.0215003439665407,0.0,1.0,1.0,0.3762106532230973,<ref>the lower attachment point where the caudal fin meets the caudal peduncle on the single fish</ref><box><842><535></box><box><844><530></box><|im_end|>,F H. nobilis,prespecified six-taxon display spanning the observed zero-shot error range
flm_48e75883e252235a,鳙鱼,Hypophthalmichthys nobilis,farmed,8,anal_fin_origin,Point to: the anterior attachment point where the anal fin begins on the fish body on the single fish.,495.0,297.0,576.8,307.8,True,82.50987819649228,0.1220333360871981,0.0,0.0,0.0,0.3114171191118657,<ref>the anterior attachment point where the anal fin begins on the fish body on the single fish</ref><box><721><684></box><box><722><548><1000><725></box><|im_end|>,F H. nobilis,prespecified six-taxon display spanning the observed zero-shot error range
flm_48e75883e252235a,鳙鱼,Hypophthalmichthys nobilis,farmed,9,pelvic_fin_origin,Point to: the anterior attachment point where the pelvic fin begins on the fish body on the single fish.,363.0,325.0,452.8,308.70000000000005,True,91.26735451408676,0.1349857737116439,0.0,0.0,0.0,0.8819974162615836,<ref>the anterior attachment point where the pelvic fin begins on the fish body on the single fish</ref><box><566><686></box><box><568><684><1000><721></box><box><570><685><1000><1000></box><box><572><683><1000><1000></box><box><573><682><1000><1000></box><box><575><681><1000><1000></box><box><576><680><1000><1000></box><box><578><679><1000><1000></box><box><580><678><1000><1000></box><box><581><677><1000><1000></box><box><582><676><1000><1000></box><box><583><675><1000><1000></box><box><584><674><1000><1000></box><box><585><673><1000><1000></box><box><586><672><1000><1000></box><box><588><671><1000><1000></box><box><590><669><1000><1000></box><box><592><668><1000><1000></box><box><594><667><1000><1000></box>,F H. nobilis,prespecified six-taxon display spanning the observed zero-shot error range
flm_48e75883e252235a,鳙鱼,Hypophthalmichthys nobilis,farmed,10,pectoral_fin_base,"Point to: the base where the pectoral fin attaches to the fish body, just behind the gill cover on the single fish.",198.0,329.0,278.4,308.70000000000005,True,82.92315719990403,0.1226445818752603,0.0,0.0,0.0,0.9436788600869476,"<ref>the base where the pectoral fin attaches to the fish body, just behind the gill cover on the single fish</ref><box><348><686></box><box><352><683><1000><715></box><box><358><667><1000><721></box><box><364><653><1000><713></box><box><368><637><1000><711></box><box><370><617><1000><709></box><box><372><598><1000><705></box><box><375><573><1000><703></box><box><377><545><1000><700></box><box><380><510><1000><697></box><box><382><477><1000><695></box><box><384><435><1000><692></box><box><386><395><1000><689></box><box><389><360><1000><688></box><box><390><330><1000><685></box><box><392><295><1000><682></box><box><396><270><1000><680></box><box><400><235><1000><677></box>",F H. nobilis,prespecified six-taxon display spanning the observed zero-shot error range
flm_48e75883e252235a,鳙鱼,Hypophthalmichthys nobilis,farmed,11,posterior_opercular_margin,Point to: the posterior visible margin of the fish operculum or gill cover on the single fish.,244.0,239.0,273.6,297.0,True,65.11651096304224,0.0963082874544405,0.0,0.0,1.0,0.4401098531670868,<ref>the posterior visible margin of the fish operculum or gill cover on the single fish</ref><box><342><660></box><box><429><648><1000><997></box><box><434><644></box><|im_end|>,F H. nobilis,prespecified six-taxon display spanning the observed zero-shot error range
flm_0e1305877a8ced63,鳜鱼,Siniperca chuatsi,farmed,1,snout_tip,Point to: the frontmost visible tip of the fish snout or closed mouth on the single fish.,320.0,720.0,312.0,719.2,True,8.039900496896708,0.0143040387115963,1.0,1.0,1.0,0.3358748331665993,<ref>the frontmost visible tip of the fish snout or closed mouth on the single fish</ref><box><520><899></box><box><522><899><1000><904></box><|im_end|>,F S. chuatsi,prespecified six-taxon display spanning the observed zero-shot error range
flm_0e1305877a8ced63,鳜鱼,Siniperca chuatsi,farmed,2,nape_dorsal_outline,"Point to: the point on the dorsal body outline at the fish nape, immediately behind the head on the single fish.",235.0,556.0,306.0,187.2,True,375.57215019221,0.6681921719579049,0.0,0.0,0.0,0.36862508719787,"<ref>the point on the dorsal body outline at the fish nape, immediately behind the head on the single fish</ref><box><510><234></box><box><510><232><1000><508></box><box><512><506><1000><999></box><|im_end|>",F S. chuatsi,prespecified six-taxon display spanning the observed zero-shot error range
flm_0e1305877a8ced63,鳜鱼,Siniperca chuatsi,farmed,3,dorsal_fin_origin,Point to: the anterior attachment point where the dorsal fin begins on the fish body on the single fish.,222.0,305.0,306.0,156.8,True,170.35034487784284,0.3030756324169665,0.0,0.0,0.0,0.2967679817229509,<ref>the anterior attachment point where the dorsal fin begins on the fish body on the single fish</ref><box><510><196></box><|im_end|>,F S. chuatsi,prespecified six-taxon display spanning the observed zero-shot error range
flm_0e1305877a8ced63,鳜鱼,Siniperca chuatsi,farmed,4,dorsal_fin_insertion,Point to: the posterior attachment point where the dorsal fin ends on the fish body on the single fish.,266.0,231.0,306.0,155.20000000000002,True,85.70670918895438,0.1524834898834301,0.0,0.0,0.0,0.2965553128160536,<ref>the posterior attachment point where the dorsal fin ends on the fish body on the single fish</ref><box><510><194></box><|im_end|>,F S. chuatsi,prespecified six-taxon display spanning the observed zero-shot error range
flm_0e1305877a8ced63,鳜鱼,Siniperca chuatsi,farmed,5,upper_caudal_fin_insertion,Point to: the upper attachment point where the caudal fin meets the caudal peduncle on the single fish.,281.0,174.0,310.8,155.20000000000002,True,35.234642044442566,0.0626870548942095,0.0,0.0,1.0,0.2956796791404485,<ref>the upper attachment point where the caudal fin meets the caudal peduncle on the single fish</ref><box><518><194></box><|im_end|>,F S. chuatsi,prespecified six-taxon display spanning the observed zero-shot error range
flm_0e1305877a8ced63,鳜鱼,Siniperca chuatsi,farmed,6,posterior_caudal_peduncle_midpoint,"Point to: the midpoint at the posterior end of the caudal peduncle, immediately before the caudal fin on the single fish.",311.0,158.0,313.2,155.20000000000002,True,3.5608987629529505,0.0063353064845783,1.0,1.0,1.0,0.329874895978719,"<ref>the midpoint at the posterior end of the caudal peduncle, immediately before the caudal fin on the single fish</ref><box><522><194></box><|im_end|>",F S. chuatsi,prespecified six-taxon display spanning the observed zero-shot error range
flm_0e1305877a8ced63,鳜鱼,Siniperca chuatsi,farmed,7,lower_caudal_fin_insertion,Point to: the lower attachment point where the caudal fin meets the caudal peduncle on the single fish.,343.0,177.0,313.2,158.4,True,35.1283361405006,0.062497922731959,0.0,0.0,1.0,0.2949165939353406,<ref>the lower attachment point where the caudal fin meets the caudal peduncle on the single fish</ref><box><522><198></box><|im_end|>,F S. chuatsi,prespecified six-taxon display spanning the observed zero-shot error range
flm_0e1305877a8ced63,鳜鱼,Siniperca chuatsi,farmed,8,anal_fin_origin,Point to: the anterior attachment point where the anal fin begins on the fish body on the single fish.,380.0,296.0,216.0,289.6,True,164.1248305406589,0.291999624932415,0.0,0.0,0.0,0.3325160956010222,<ref>the anterior attachment point where the anal fin begins on the fish body on the single fish</ref><box><360><362></box><box><363><350><1000><365></box><|im_end|>,F S. chuatsi,prespecified six-taxon display spanning the observed zero-shot error range
flm_0e1305877a8ced63,鳜鱼,Siniperca chuatsi,farmed,9,pelvic_fin_origin,Point to: the anterior attachment point where the pelvic fin begins on the fish body on the single fish.,396.0,453.0,216.0,232.0,True,285.0280687932331,0.5071023617125162,0.0,0.0,0.0,0.8991695488803089,<ref>the anterior attachment point where the pelvic fin begins on the fish body on the single fish</ref><box><360><290></box><box><362><289><1000><357></box><box><368><288><1000><1000></box><box><375><285><1000><1000></box><box><382><286><1000><1000></box><box><390><287><1000><1000></box><box><398><284><1000><1000></box><box><407><282><1000><1000></box><box><415><281><1000><1000></box><box><425><280><1000><1000></box><box><435><279><1000><1000></box><box><442><278><1000><1000></box><box><450><277><1000><1000></box><box><457><276><1000><1000></box><box><465><275><1000><1000></box><box><475><273><1000><1000></box><box><485><272><1000><1000></box><box><495><270><1000><1000></box><box><505><268><1000><1000></box>,F S. chuatsi,prespecified six-taxon display spanning the observed zero-shot error range
flm_0e1305877a8ced63,鳜鱼,Siniperca chuatsi,farmed,10,pectoral_fin_base,"Point to: the base where the pectoral fin attaches to the fish body, just behind the gill cover on the single fish.",393.0,534.0,301.8,548.8000000000001,True,92.39307333344854,0.1643794096898494,0.0,0.0,0.0,0.8980803526937962,"<ref>the base where the pectoral fin attaches to the fish body, just behind the gill cover on the single fish</ref><box><503><686></box><box><508><688><1000><725></box><box><512><689><1000><1000></box><box><518><690><1000><1000></box><box><522><691><1000><1000></box><box><530><692><1000><1000></box><box><535><693><1000><1000></box><box><542><694><1000><1000></box><box><549><695><1000><1000></box><box><556><696><1000><1000></box><box><563><697><1000><1000></box><box><570><698><1000><1000></box><box><577><699><1000><1000></box><box><585><700><1000><1000></box><box><592><701><1000><1000></box><box><600><702><1000><1000></box><box><607><703><1000><1000></box><box><614><704><1000><1000></box>",F S. chuatsi,prespecified six-taxon display spanning the observed zero-shot error range
flm_0e1305877a8ced63,鳜鱼,Siniperca chuatsi,farmed,11,posterior_opercular_margin,Point to: the posterior visible margin of the fish operculum or gill cover on the single fish.,315.0,471.0,208.8,551.1999999999999,True,133.08072738003798,0.2367680889765021,0.0,0.0,0.0,0.9656318398192524,<ref>the posterior visible margin of the fish operculum or gill cover on the single fish</ref><box><348><689></box><box><351><648><1000><729></box><box><353><610><1000><1000></box><box><355><578></box><box><358><555><1000><1000></box><box><360><535><1000><1000></box><box><363><508><1000><1000></box><box><365><465><1000><1000></box><box><368><435><1000><1000></box><box><370><395><1000><1000></box><box><373><357><1000><1000></box><box><377><320><1000><1000></box><box><382><289><1000><1000></box><box><387><255><1000><1000></box><box><392><227><1000><1000></box><box><397><197><1000><1000></box><box><402><159><1000><1000></box><box><407><129><1000><1000></box><box><412><103><1000><1000></box>,F S. chuatsi,prespecified six-taxon display spanning the observed zero-shot error range
