benchmark_id,taxon_candidate,origin_conflict,record_count,pair_count,complete_11_point_pair_count,pairwise_mean_error_px,pairwise_max_error_px,pairwise_mean_error_image_diagonal,review_threshold,above_threshold
flm_01976f1ffbd183c7,Coilia nasus,False,2,1,1,7.691674217149054,18.0,0.007691674217149054,0.02,False
flm_07d3a56e878c642a,Coilia nasus,False,2,1,1,5.321622319919519,14.0,0.005321622319919519,0.02,False
flm_08f5dc29efbacad9,Coilia nasus,False,2,1,1,6.793128380211541,18.24828759089466,0.006793128380211541,0.02,False
flm_094420ea910542f3,Carassius auratus,False,2,1,1,2.6799756425495773,6.324555320336759,0.0028135719403462023,0.02,False
flm_0d31b9954964f680,Mylopharyngodon piceus,False,2,1,1,2.5429194867948826,7.0710678118654755,0.0025429194867948824,0.02,False
flm_0d7da0569c6b4b05,Coilia nasus,False,2,1,1,3.640484217281967,7.615773105863909,0.003640484217281967,0.02,False
flm_0f9b221d79ad6026,Coilia nasus,False,2,1,1,3.392531325840331,9.219544457292887,0.003392531325840331,0.02,False
flm_1651f51640d3843f,Coilia nasus,False,2,1,1,20.173280971425456,99.04544411531506,0.020173280971425456,0.02,True
flm_17dd905b5eb30122,Coilia nasus,False,2,1,1,4.61350037708649,16.278820596099706,0.00461350037708649,0.02,False
flm_19603ea5e6c7f328,Coilia nasus,False,2,1,1,5.389824048408506,14.035668847618199,0.005389824048408506,0.02,False
flm_200ebcf2f6959d9f,Mylopharyngodon piceus,False,2,1,1,3.640788827046982,8.06225774829855,0.003640788827046982,0.02,False
flm_21046a35b5b34ff8,Coilia nasus,False,2,1,1,4.0595955067172556,9.0,0.004059595506717256,0.02,False
flm_25c7bd9bb75f0b92,Coilia nasus,False,2,1,1,4.237595427189877,7.810249675906654,0.004237595427189877,0.02,False
flm_25d5cf70b1095d72,Coilia nasus,False,2,1,1,3.2685502891020586,7.280109889280518,0.0032685502891020585,0.02,False
flm_29b32cfc49c85d84,Coilia nasus,False,2,1,1,5.38201026970548,18.0,0.005382010269705481,0.02,False
flm_2a31749a1dbe4331,Coilia nasus,False,2,1,1,7.423799352126809,24.0,0.0074237993521268095,0.02,False
flm_2a65cb9f5abdbb58,Coilia nasus,False,2,1,1,7.948687292866068,19.4164878389476,0.007948687292866068,0.02,False
flm_2c41ad9782492cfa,Coilia nasus,False,2,1,1,7.750290627076105,17.029386365926403,0.007750290627076105,0.02,False
flm_2fbd331df61c8a55,Coilia nasus,False,2,1,1,5.826736016620251,14.142135623730951,0.005826736016620251,0.02,False
flm_308961028cf363fa,Coilia nasus,False,2,1,1,3.193426855964896,5.830951894845301,0.003193426855964896,0.02,False
flm_31a44b6b2de8d507,Coilia nasus,False,2,1,1,3.2494277287405064,6.324555320336759,0.0032494277287405064,0.02,False
flm_32d7f253189cadcb,Mylopharyngodon piceus,False,2,1,1,4.230975137847611,12.0,0.004230975137847611,0.02,False
flm_352ae485b3f9d381,Coilia nasus,False,2,1,1,4.441345378660132,10.04987562112089,0.004441345378660132,0.02,False
flm_3c3aed05278440ca,Coilia nasus,False,2,1,1,7.659203356723697,23.021728866442675,0.007659203356723696,0.02,False
flm_3e74a0ca7d76b9f5,Hypophthalmichthys nobilis,True,2,1,1,5.230857936888028,14.317821063276353,0.005233996658999234,0.02,False
flm_445fe8b9978f4773,Coilia nasus,False,2,1,1,6.7208935778730075,18.24828759089466,0.006720893577873008,0.02,False
flm_44ecc00d45cb1d79,Hypophthalmichthys nobilis,True,2,1,1,7.059364447993631,23.08679276123039,0.007059364447993631,0.02,False
flm_46dcd41b56387de0,Coilia nasus,False,2,1,1,3.7306185126707465,15.132745950421556,0.0037306185126707463,0.02,False
flm_4b6f7fd6f28fc60f,Coilia nasus,False,2,1,1,4.5521185506683075,10.770329614269007,0.004552118550668308,0.02,False
flm_5134e7ff50b48b32,Coilia nasus,False,2,1,1,6.587765676334677,17.46424919657298,0.006587765676334677,0.02,False
flm_5278744c61a991d4,Coilia nasus,False,2,1,1,31.682463826686458,167.5291019494822,0.031682463826686456,0.02,True
flm_541ddb15ae9522d0,Coilia nasus,False,2,1,1,2.861314817248352,5.830951894845301,0.0028613148172483517,0.02,False
flm_559d0d4f374f2c8f,Coilia nasus,False,2,1,1,4.547396401113499,10.04987562112089,0.004547396401113499,0.02,False
flm_593d16e04c8c9879,Hypophthalmichthys nobilis,True,2,1,1,4.342247392599649,13.92838827718412,0.0043422473925996494,0.02,False
flm_5a529d2a972add58,Coilia nasus,False,2,1,1,4.132356992433682,14.035668847618199,0.0041323569924336815,0.02,False
flm_5d91853689163af7,Hypophthalmichthys nobilis,True,2,1,1,8.51674177987445,38.07886552931954,0.00851674177987445,0.02,False
flm_5ecc9ad1bc6394d6,Ctenopharyngodon idella,False,2,1,1,1.8479000570183954,3.605551275463989,0.0018479000570183954,0.02,False
flm_5f78734e74de2d69,Carassius auratus,False,2,1,1,4.095635989802993,11.180339887498949,0.004095635989802993,0.02,False
flm_604ebee068d0512c,Coilia nasus,False,2,1,1,6.882468140397492,28.30194339616981,0.006882468140397492,0.02,False
flm_694e4aa75f1fabd4,Siniperca chuatsi,False,2,1,1,31.562193083734087,257.1089263327899,0.031562193083734084,0.02,True
flm_69cae52c0178d5bf,Coilia nasus,False,2,1,1,2.475175699119933,4.123105625617661,0.002475175699119933,0.02,False
flm_6c81131c28721786,Mylopharyngodon piceus,False,2,1,1,4.3370683356664355,9.055385138137417,0.004337068335666435,0.02,False
flm_6f1f62751d96d4b4,Coilia nasus,False,2,1,1,3.107901145192585,12.0,0.003107901145192585,0.02,False
flm_6fbb20f21ffb5595,Coilia nasus,False,2,1,1,7.957833493675941,25.179356624028344,0.007957833493675941,0.02,False
flm_72a4218d80581fa2,Coilia nasus,False,2,1,1,2.8377863316293035,6.082762530298219,0.0028377863316293036,0.02,False
flm_754d261235322cf0,Hypophthalmichthys nobilis,True,2,1,1,3.092838552623269,7.280109889280518,0.0030946943783537006,0.02,False
flm_761e3e66a5c96abe,Hypophthalmichthys nobilis,True,2,1,1,6.140928304998544,15.0,0.006140928304998544,0.02,False
flm_7a2b779f7ac9a007,Coilia nasus,False,2,1,1,4.489165733342986,8.54400374531753,0.004489165733342986,0.02,False
flm_7b4da19dfd3ab996,Coilia nasus,False,2,1,1,4.569492128367945,11.180339887498949,0.004569492128367945,0.02,False
flm_7d77fd6f575080aa,Coilia nasus,False,2,1,1,5.07763757637863,16.76305461424021,0.00507763757637863,0.02,False
flm_812f5790c02ee662,Coilia nasus,False,2,1,1,32.32769947309543,186.03763060198332,0.032327699473095425,0.02,True
flm_9112a24230ed4ea9,Hypophthalmichthys molitrix,False,2,1,1,2.7252439892987095,5.385164807134504,0.0027252439892987094,0.02,False
flm_92dcc61d5f4b9831,Mylopharyngodon piceus,False,2,1,1,3.81721628754763,7.0710678118654755,0.0041587404201748794,0.02,False
flm_92eb98ec473d47dc,Coilia nasus,False,2,1,1,5.935968955535841,12.649110640673518,0.00593596895553584,0.02,False
flm_9639f9a00982a6d3,Mylopharyngodon piceus,False,2,1,1,7.703778700585487,45.39823785126467,0.007703778700585487,0.02,False
flm_96d141feac9927e8,Siniperca chuatsi,False,2,1,1,30.065983988819315,222.64321233758733,0.030065983988819316,0.02,True
flm_9c11354b1b20bcf2,Coilia nasus,False,2,1,1,3.395560422127775,8.54400374531753,0.003395560422127775,0.02,False
flm_9cd6faffab4b2a5f,Mylopharyngodon piceus,False,2,1,1,2.802033816741368,5.656854249492381,0.002802033816741368,0.02,False
flm_a01011d4066505f6,Coilia nasus,False,2,1,1,4.060491818498116,11.045361017187261,0.004060491818498116,0.02,False
flm_a13ca16692a39ba8,Coilia nasus,False,2,1,1,3.2652072044599376,6.4031242374328485,0.0032652072044599377,0.02,False
flm_a9c4af0a7656c619,Coilia nasus,False,2,1,1,6.268847317587032,21.02379604162864,0.006268847317587032,0.02,False
flm_ab118cb294c5d23d,Coilia nasus,False,2,1,1,5.328577073453949,11.045361017187261,0.005328577073453949,0.02,False
flm_b0a6761df5641744,Coilia nasus,False,2,1,1,3.0701145630844,6.708203932499369,0.0030701145630844,0.02,False
flm_b2cce66ce8be0f1e,Hypophthalmichthys molitrix,False,2,1,1,2.305666879684165,7.0710678118654755,0.002305666879684165,0.02,False
flm_b43855f597876850,Coilia nasus,False,2,1,1,4.3583001240285375,20.09975124224178,0.004358300124028537,0.02,False
flm_b64ae5cd37b278f2,Coilia nasus,False,2,1,1,5.099533035631584,21.0,0.005099533035631584,0.02,False
flm_b7b5725a297d600b,Hypophthalmichthys nobilis,True,2,1,1,3.9830872658984124,13.341664064126334,0.003985477276145905,0.02,False
flm_b7bf368d23ba34f7,Coilia nasus,False,2,1,1,4.839037241362976,11.704699910719626,0.0048390372413629765,0.02,False
flm_ba3cdc63e5a5e26e,Coilia nasus,False,2,1,1,32.350903463099854,215.5388596054085,0.03235090346309986,0.02,True
flm_bad784628173d48b,Coilia nasus,False,2,1,1,4.833277164171192,14.0,0.004833277164171192,0.02,False
flm_bb9ff9e524006c8d,Hypophthalmichthys nobilis,False,2,1,1,4.649310080084896,14.035668847618199,0.0046493100800848956,0.02,False
flm_bd1caf90be38cfc2,Coilia nasus,False,2,1,1,4.008005784623737,8.48528137423857,0.004008005784623738,0.02,False
flm_be139d50d0262cd6,Coilia nasus,False,2,1,1,3.2207800089324463,7.211102550927978,0.0032207800089324463,0.02,False
flm_be58d709e40c7a7a,Hypophthalmichthys nobilis,True,2,1,1,8.795047819168593,36.49657518178932,0.008795047819168593,0.02,False
flm_c0232bef5b0a4a0a,Carassius auratus,False,2,1,1,7.041624069955728,52.55473337388365,0.007316688844332045,0.02,False
flm_c0464f4507c6a022,Coilia nasus,False,2,1,1,4.776428721334301,10.198039027185569,0.0047764287213343005,0.02,False
flm_c05f3f1541ca19ac,Mylopharyngodon piceus,False,2,1,1,3.3912379983492116,9.219544457292887,0.0033912379983492115,0.02,False
flm_c20c8bdeec6b3ac3,Mylopharyngodon piceus,False,2,1,1,4.010040589390882,8.0,0.004010040589390882,0.02,False
flm_c4785dbe9a2db9cd,Coilia nasus,False,2,1,1,4.81957637109464,11.40175425099138,0.00481957637109464,0.02,False
flm_c56251ae302bbbe8,Coilia nasus,False,2,1,1,4.12651882249289,10.04987562112089,0.00412651882249289,0.02,False
flm_d20dc574c4d7a2ff,Coilia nasus,False,2,1,1,5.481645808377521,16.1245154965971,0.005481645808377521,0.02,False
flm_d26aa1c7930f1428,Coilia nasus,False,2,1,1,4.786477642035686,11.180339887498949,0.004786477642035686,0.02,False
flm_d7f55c50965dcca1,Coilia nasus,False,2,1,1,25.2611230144303,118.94956914591998,0.0252611230144303,0.02,True
flm_decbe08b4ae8d2e2,Carassius auratus,False,2,1,1,3.090584930941961,8.246211251235321,0.003318170378461014,0.02,False
flm_e038828c619c5268,Coilia nasus,False,2,1,1,6.671595465087818,11.704699910719626,0.006671595465087818,0.02,False
flm_e04c0eb29d5e04ec,Mylopharyngodon piceus,False,2,1,1,4.569298865165341,10.04987562112089,0.004569298865165341,0.02,False
flm_e17e590b8dd8cf2c,Coilia nasus,False,2,1,1,1.778350932136994,5.0990195135927845,0.0017783509321369938,0.02,False
flm_e1fe2e6e351f7c56,Siniperca chuatsi,False,3,3,3,21.101033517828366,235.76683396949622,0.021101033517828365,0.02,True
flm_e934cb6d7968cae2,Coilia nasus,False,2,1,1,34.25334742106015,209.1219739769114,0.03425334742106015,0.02,True
flm_ea13c7013a3454d3,Coilia nasus,False,2,1,1,8.510994357189743,23.021728866442675,0.008510994357189742,0.02,False
flm_ea575d50be28e513,Hypophthalmichthys nobilis,True,2,1,1,6.5954515976365,18.110770276274835,0.0065954515976365,0.02,False
flm_eb0db12e106c89a6,Coilia nasus,False,2,1,1,5.56802805239704,14.560219778561036,0.00556802805239704,0.02,False
flm_ee03ccd055719486,Coilia nasus,False,2,1,1,7.3391936370962725,22.360679774997898,0.007339193637096272,0.02,False
flm_ee0a1603a98c4036,Coilia nasus,False,2,1,1,7.234029835737905,21.0,0.007234029835737905,0.02,False
flm_ef0e4abefb3a827d,Coilia nasus,False,2,1,1,3.445206196092907,11.045361017187261,0.003445206196092907,0.02,False
flm_f026c24498cb96aa,Coilia nasus,False,2,1,1,6.595810368800722,33.24154027718932,0.006595810368800721,0.02,False
flm_f03eed699fb073bb,Coilia nasus,False,2,1,1,4.7669194827010966,10.04987562112089,0.004766919482701097,0.02,False
flm_f1346307be734096,Coilia nasus,False,2,1,1,5.519144599498159,15.033296378372908,0.00551914459949816,0.02,False
flm_f1d51f4bae4bc9a9,Mylopharyngodon piceus,False,2,1,1,3.237224811739854,5.830951894845301,0.003237224811739854,0.02,False
flm_f4b9fd61e1f208f0,Coilia nasus,False,2,1,1,4.600026740135444,11.045361017187261,0.004600026740135444,0.02,False
flm_f67cd1d017e7cf24,Coilia nasus,False,2,1,1,4.074020479788939,11.180339887498949,0.004074020479788939,0.02,False
flm_f844e757ac43c22f,Coilia nasus,False,2,1,1,6.973903653156632,15.132745950421556,0.006973903653156632,0.02,False
flm_f8bd3fc803a73416,Mylopharyngodon piceus,False,2,1,1,2.547587639795518,5.0,0.002547587639795518,0.02,False
flm_fc05c2838cc7a5fd,Coilia nasus,False,2,1,1,5.193072740245222,15.0,0.005193072740245223,0.02,False
